 ,chameleon,aws,azure
flavor-list,7.189528465270996,316.804799079895,5.9303998947143555
image-list,7.035013914108276,122.21369910240173,11.110451936721802
vm-boot-1,75.86188912391663,9.350792169570923,176.26245021820068
vm-stop,7.067264795303345,35.43002152442932,35.39121866226196
vm-start,8.926870107650757,35.59564423561096,15.245130777359009
vm-terminate-1,7.822617530822754,35.39788007736206,275.7550129890442
vm-list,5.301728010177612,3.914334535598755,6.65523886680603
