 ,chameleon,aws,azure
flavor-list,5.597742080688477,334.60945987701416,14.87927794456482
image-list,7.087205410003662,201.71727657318115,15.053788661956787
vm-boot-1,180.9501965045929,28.55054211616516,205.25546669960022
vm-stop,7.527336359024048,35.46506881713867,35.529478549957275
vm-start,7.398574352264404,35.94591522216797,19.378114938735962
vm-terminate-1,9.901286125183105,34.4200005531311,384.6563673019409
vm-list,5.874615907669067,4.49751615524292,6.526054620742798
